{
  "display": {
    "icon": {
      "item": "darkium:darkpalnt"
    },
    "title": {
      "translate": "advancements.installing.title"
    },
    "description": {
      "translate": "advancements.installing.descr"
    },
    "frame": "task",
    "show_toast": true,
    "announce_to_chat": false,
    "hidden": true
  },
  "criteria": {
    "installing": {
      "trigger": "minecraft:placed_block",
      "conditions": {
        "item": {
          "item": "minecraft:crafting_table"
        }
      }
    }
  },
  "rewards": {
    "experience": 7
  },
  "parent": "minecraft:story/root"
}