{
  "_fv": 6,
  "_type": "tool",
  "definition": {
    "renderType": 0,
    "texture": "darkbigsword",
    "customModelName": "Normal",
    "name": "Darkium Big Sword",
    "creativeTab": {
      "value": "CUSTOM:Darkium"
    },
    "toolType": "Sword",
    "harvestLevel": 1,
    "efficiency": 4.0,
    "attackSpeed": 0.30000000000000004,
    "enchantability": 2,
    "damageVsEntity": 18.0,
    "usageCount": 100,
    "blocksAffected": [],
    "hasGlow": false,
    "repairItems": [],
    "onItemInUseTick": {
      "name": "DarkSwordToolInHandTick"
    }
  }
}