{
  "_fv": 6,
  "_type": "plant",
  "definition": {
    "renderType": 12,
    "texture": "darkplant",
    "customModelName": "Cross model",
    "plantType": "growapable",
    "growapableSpawnType": "Plains",
    "growapableMaxHeight": 2,
    "name": "Darkpalnt",
    "creativeTab": {
      "value": "CUSTOM:Darkium"
    },
    "hardness": 0.0,
    "resistance": 0.0,
    "luminance": 0.11,
    "unbreakable": false,
    "soundOnStep": {
      "value": "PLANT"
    },
    "customDrop": {
      "value": ""
    },
    "dropAmount": 1,
    "isReplaceable": false,
    "colorOnMap": "DEFAULT",
    "creativePickItem": {
      "value": ""
    },
    "flammability": 0,
    "fireSpreadSpeed": 0,
    "frequencyOnChunks": 1,
    "spawnWorldTypes": [
      "Surface"
    ],
    "restrictionBiomes": [],
    "onStartToDestroy": {
      "name": "DarkpalntStartToDestroy"
    }
  }
}