{
  "_fv": 6,
  "_type": "gui",
  "definition": {
    "type": 1,
    "width": 450,
    "height": 434,
    "renderBgLayer": true,
    "components": [
      {
        "type": "inputslot",
        "data": {
          "inputLimit": {
            "value": ""
          },
          "id": 1,
          "name": "Slot #1",
          "x": 264,
          "y": 60
        }
      },
      {
        "type": "inputslot",
        "data": {
          "inputLimit": {
            "value": ""
          },
          "id": 2,
          "name": "Slot #2",
          "x": 300,
          "y": 60
        }
      },
      {
        "type": "inputslot",
        "data": {
          "inputLimit": {
            "value": ""
          },
          "id": 3,
          "name": "Slot #3",
          "x": 336,
          "y": 60
        }
      },
      {
        "type": "inputslot",
        "data": {
          "inputLimit": {
            "value": ""
          },
          "id": 4,
          "name": "Slot #4",
          "x": 372,
          "y": 60
        }
      },
      {
        "type": "inputslot",
        "data": {
          "inputLimit": {
            "value": ""
          },
          "id": 5,
          "name": "Slot #5",
          "x": 408,
          "y": 60
        }
      },
      {
        "type": "inputslot",
        "data": {
          "inputLimit": {
            "value": ""
          },
          "id": 6,
          "name": "Slot #6",
          "x": 444,
          "y": 60
        }
      },
      {
        "type": "inputslot",
        "data": {
          "inputLimit": {
            "value": ""
          },
          "id": 7,
          "name": "Slot #7",
          "x": 480,
          "y": 60
        }
      },
      {
        "type": "inputslot",
        "data": {
          "inputLimit": {
            "value": ""
          },
          "id": 8,
          "name": "Slot #8",
          "x": 516,
          "y": 60
        }
      },
      {
        "type": "inputslot",
        "data": {
          "inputLimit": {
            "value": ""
          },
          "id": 9,
          "name": "Slot #9",
          "x": 552,
          "y": 60
        }
      },
      {
        "type": "inputslot",
        "data": {
          "inputLimit": {
            "value": ""
          },
          "id": 10,
          "name": "Slot #10",
          "x": 588,
          "y": 60
        }
      },
      {
        "type": "inputslot",
        "data": {
          "inputLimit": {
            "value": ""
          },
          "id": 11,
          "name": "Slot #11",
          "x": 264,
          "y": 96
        }
      },
      {
        "type": "inputslot",
        "data": {
          "inputLimit": {
            "value": ""
          },
          "id": 12,
          "name": "Slot #12",
          "x": 300,
          "y": 96
        }
      },
      {
        "type": "inputslot",
        "data": {
          "inputLimit": {
            "value": ""
          },
          "id": 13,
          "name": "Slot #13",
          "x": 336,
          "y": 96
        }
      },
      {
        "type": "inputslot",
        "data": {
          "inputLimit": {
            "value": ""
          },
          "id": 14,
          "name": "Slot #14",
          "x": 372,
          "y": 96
        }
      },
      {
        "type": "inputslot",
        "data": {
          "inputLimit": {
            "value": ""
          },
          "id": 15,
          "name": "Slot #15",
          "x": 408,
          "y": 96
        }
      },
      {
        "type": "inputslot",
        "data": {
          "inputLimit": {
            "value": ""
          },
          "id": 16,
          "name": "Slot #16",
          "x": 444,
          "y": 96
        }
      },
      {
        "type": "inputslot",
        "data": {
          "inputLimit": {
            "value": ""
          },
          "id": 17,
          "name": "Slot #17",
          "x": 480,
          "y": 96
        }
      },
      {
        "type": "inputslot",
        "data": {
          "inputLimit": {
            "value": ""
          },
          "id": 18,
          "name": "Slot #18",
          "x": 516,
          "y": 96
        }
      },
      {
        "type": "inputslot",
        "data": {
          "inputLimit": {
            "value": ""
          },
          "id": 19,
          "name": "Slot #19",
          "x": 552,
          "y": 96
        }
      },
      {
        "type": "inputslot",
        "data": {
          "inputLimit": {
            "value": ""
          },
          "id": 20,
          "name": "Slot #20",
          "x": 588,
          "y": 96
        }
      },
      {
        "type": "inputslot",
        "data": {
          "inputLimit": {
            "value": ""
          },
          "id": 21,
          "name": "Slot #21",
          "x": 264,
          "y": 132
        }
      },
      {
        "type": "inputslot",
        "data": {
          "inputLimit": {
            "value": ""
          },
          "id": 22,
          "name": "Slot #22",
          "x": 300,
          "y": 132
        }
      },
      {
        "type": "inputslot",
        "data": {
          "inputLimit": {
            "value": ""
          },
          "id": 23,
          "name": "Slot #23",
          "x": 336,
          "y": 132
        }
      },
      {
        "type": "inputslot",
        "data": {
          "inputLimit": {
            "value": ""
          },
          "id": 24,
          "name": "Slot #24",
          "x": 372,
          "y": 132
        }
      },
      {
        "type": "inputslot",
        "data": {
          "inputLimit": {
            "value": ""
          },
          "id": 25,
          "name": "Slot #25",
          "x": 408,
          "y": 132
        }
      },
      {
        "type": "inputslot",
        "data": {
          "inputLimit": {
            "value": ""
          },
          "id": 26,
          "name": "Slot #26",
          "x": 444,
          "y": 132
        }
      },
      {
        "type": "inputslot",
        "data": {
          "inputLimit": {
            "value": ""
          },
          "id": 27,
          "name": "Slot #27",
          "x": 480,
          "y": 132
        }
      },
      {
        "type": "inputslot",
        "data": {
          "inputLimit": {
            "value": ""
          },
          "id": 28,
          "name": "Slot #28",
          "x": 516,
          "y": 132
        }
      },
      {
        "type": "inputslot",
        "data": {
          "inputLimit": {
            "value": ""
          },
          "id": 29,
          "name": "Slot #29",
          "x": 552,
          "y": 132
        }
      },
      {
        "type": "inputslot",
        "data": {
          "inputLimit": {
            "value": ""
          },
          "id": 30,
          "name": "Slot #30",
          "x": 588,
          "y": 132
        }
      },
      {
        "type": "inputslot",
        "data": {
          "inputLimit": {
            "value": ""
          },
          "id": 31,
          "name": "Slot #31",
          "x": 264,
          "y": 168
        }
      },
      {
        "type": "inputslot",
        "data": {
          "inputLimit": {
            "value": ""
          },
          "id": 32,
          "name": "Slot #32",
          "x": 300,
          "y": 168
        }
      },
      {
        "type": "inputslot",
        "data": {
          "inputLimit": {
            "value": ""
          },
          "id": 33,
          "name": "Slot #33",
          "x": 336,
          "y": 168
        }
      },
      {
        "type": "inputslot",
        "data": {
          "inputLimit": {
            "value": ""
          },
          "id": 34,
          "name": "Slot #34",
          "x": 372,
          "y": 168
        }
      },
      {
        "type": "inputslot",
        "data": {
          "inputLimit": {
            "value": ""
          },
          "id": 35,
          "name": "Slot #35",
          "x": 408,
          "y": 168
        }
      },
      {
        "type": "inputslot",
        "data": {
          "inputLimit": {
            "value": ""
          },
          "id": 36,
          "name": "Slot #36",
          "x": 444,
          "y": 168
        }
      },
      {
        "type": "inputslot",
        "data": {
          "inputLimit": {
            "value": ""
          },
          "id": 37,
          "name": "Slot #37",
          "x": 480,
          "y": 168
        }
      },
      {
        "type": "inputslot",
        "data": {
          "inputLimit": {
            "value": ""
          },
          "id": 38,
          "name": "Slot #38",
          "x": 516,
          "y": 168
        }
      },
      {
        "type": "inputslot",
        "data": {
          "inputLimit": {
            "value": ""
          },
          "id": 39,
          "name": "Slot #39",
          "x": 552,
          "y": 168
        }
      },
      {
        "type": "inputslot",
        "data": {
          "inputLimit": {
            "value": ""
          },
          "id": 40,
          "name": "Slot #40",
          "x": 588,
          "y": 168
        }
      },
      {
        "type": "label",
        "data": {
          "text": "Darkium Chest",
          "color": {
            "value": -13434829,
            "falpha": 0.0
          },
          "name": "Darkium Chest",
          "x": 210,
          "y": 24
        }
      }
    ]
  }
}