{
  "_fv": 6,
  "_type": "recipe",
  "definition": {
    "recipeType": "Crafting",
    "xpReward": 0.0,
    "recipeRetstackSize": 1,
    "group": "",
    "recipeShapeless": false,
    "recipeSlots": [
      {
        "value": "CUSTOM:DarkiumIngot"
      },
      {
        "value": "CUSTOM:DarkiumIngot"
      },
      {
        "value": "CUSTOM:DarkiumIngot"
      },
      {
        "value": "CUSTOM:DarkiumIngot"
      },
      {
        "value": ""
      },
      {
        "value": "CUSTOM:DarkiumIngot"
      },
      {
        "value": ""
      },
      {
        "value": ""
      },
      {
        "value": ""
      }
    ],
    "recipeReturnStack": {
      "value": "CUSTOM:DarkiumChestplate.helmet"
    },
    "name": "darkhelmetrecipie",
    "namespace": "minecraft"
  }
}