{
  "_fv": 6,
  "_type": "tool",
  "definition": {
    "renderType": 0,
    "texture": "darkmultitool",
    "customModelName": "Normal",
    "name": "Darkium Multi-Tool",
    "creativeTab": {
      "value": "CUSTOM:Darkium"
    },
    "toolType": "MultiTool",
    "harvestLevel": 15,
    "efficiency": 19.0,
    "attackSpeed": 1.0,
    "enchantability": 2,
    "damageVsEntity": 5.0,
    "usageCount": 2000,
    "blocksAffected": [],
    "hasGlow": false,
    "repairItems": [],
    "onBlockDestroyedWithTool": {
      "name": "DarkMultiToolBlockDestroyedWithTool"
    }
  }
}