{
  "_fv": 6,
  "_type": "tool",
  "definition": {
    "renderType": 0,
    "texture": "darkiumpickaxe",
    "customModelName": "Normal",
    "name": "Darkium Pickaxe",
    "creativeTab": {
      "value": "CUSTOM:Darkium"
    },
    "toolType": "Pickaxe",
    "harvestLevel": 10,
    "efficiency": 17.0,
    "attackSpeed": 1.3,
    "enchantability": 2,
    "damageVsEntity": 5.0,
    "usageCount": 2500,
    "blocksAffected": [],
    "hasGlow": false,
    "repairItems": [
      {
        "value": "CUSTOM:DarkiumIngot"
      }
    ],
    "onBlockDestroyedWithTool": {
      "name": "DarkiumPickaxeBlockDestroyedWithTool"
    }
  }
}