{
  "_fv": 6,
  "_type": "biome",
  "definition": {
    "name": "Dark Biome",
    "groundBlock": {
      "value": "Blocks.GRASS"
    },
    "undergroundBlock": {
      "value": "Blocks.STONE#0"
    },
    "generateLakes": false,
    "treeType": 1,
    "vanillaTreeType": "Default",
    "minHeight": 7,
    "spawnVines": false,
    "treeVines": {
      "value": "Blocks.VINE"
    },
    "treeStem": {
      "value": "CUSTOM:DarkWood"
    },
    "treeBranch": {
      "value": "CUSTOM:DarkLeaves"
    },
    "treeFruits": {
      "value": "Blocks.LEAVES#0"
    },
    "customColors": true,
    "airColor": {
      "value": -5941779,
      "falpha": 0.0
    },
    "grassColor": {
      "value": -13297594,
      "falpha": 0.0
    },
    "waterColor": {
      "value": -14352274,
      "falpha": 0.0
    },
    "treesPerChunk": 3,
    "grassPerChunk": 4,
    "flowersPerChunk": 1,
    "mushroomsPerChunk": 0,
    "bigMushroomsChunk": 0,
    "sandPathcesPerChunk": 0,
    "gravelPatchesPerChunk": 0,
    "reedsPerChunk": 0,
    "cactiPerChunk": 0,
    "deadBushesPerChunk": 0,
    "rainingPossibility": 0.5,
    "temperature": 0.5,
    "baseHeight": 0.1,
    "heightVariation": 0.2,
    "spawnBiome": true,
    "biomeWeight": 12,
    "biomeType": "WARM",
    "biomeCategory": "NONE",
    "parent": {
      "value": "plains"
    },
    "biomeDictionaryTypes": [],
    "spawnList": []
  }
}