{
  "_fv": 6,
  "_type": "tool",
  "definition": {
    "renderType": 0,
    "texture": "darkfastsword",
    "customModelName": "Normal",
    "name": "Dark Fast Sword",
    "creativeTab": {
      "value": "CUSTOM:Darkium"
    },
    "toolType": "Sword",
    "harvestLevel": 2,
    "efficiency": 12.0,
    "attackSpeed": 3.9999999999999996,
    "enchantability": 2,
    "damageVsEntity": 6.0,
    "usageCount": 200,
    "blocksAffected": [],
    "hasGlow": false,
    "repairItems": [
      {
        "value": "CUSTOM:DarkiumIngot"
      }
    ],
    "onItemInUseTick": {
      "name": "DarkFastSwordToolInHandTick"
    }
  }
}