{
  "_fv": 6,
  "_type": "gui",
  "definition": {
    "type": 1,
    "width": 352,
    "height": 332,
    "renderBgLayer": true,
    "components": [
      {
        "type": "inputslot",
        "data": {
          "inputLimit": {
            "value": ""
          },
          "id": 0,
          "name": "Slot #0",
          "x": 300,
          "y": 96
        }
      },
      {
        "type": "inputslot",
        "data": {
          "inputLimit": {
            "value": ""
          },
          "id": 1,
          "name": "Slot #1",
          "x": 336,
          "y": 96
        }
      },
      {
        "type": "inputslot",
        "data": {
          "inputLimit": {
            "value": ""
          },
          "id": 2,
          "name": "Slot #2",
          "x": 372,
          "y": 96
        }
      },
      {
        "type": "inputslot",
        "data": {
          "inputLimit": {
            "value": ""
          },
          "id": 3,
          "name": "Slot #3",
          "x": 300,
          "y": 132
        }
      },
      {
        "type": "label",
        "data": {
          "text": "Dark Compressor",
          "color": {
            "value": -1,
            "falpha": 0.0
          },
          "name": "Dark Compressor",
          "x": 350,
          "y": 33
        }
      },
      {
        "type": "label",
        "data": {
          "text": "=",
          "color": {
            "value": -16777216,
            "falpha": 0.0
          },
          "name": "=",
          "x": 412,
          "y": 128
        }
      },
      {
        "type": "inputslot",
        "data": {
          "inputLimit": {
            "value": ""
          },
          "id": 4,
          "name": "Slot #4",
          "x": 336,
          "y": 132
        }
      },
      {
        "type": "inputslot",
        "data": {
          "inputLimit": {
            "value": ""
          },
          "id": 5,
          "name": "Slot #5",
          "x": 372,
          "y": 132
        }
      },
      {
        "type": "inputslot",
        "data": {
          "inputLimit": {
            "value": ""
          },
          "id": 6,
          "name": "Slot #6",
          "x": 300,
          "y": 168
        }
      },
      {
        "type": "inputslot",
        "data": {
          "inputLimit": {
            "value": ""
          },
          "id": 7,
          "name": "Slot #7",
          "x": 336,
          "y": 168
        }
      },
      {
        "type": "inputslot",
        "data": {
          "inputLimit": {
            "value": ""
          },
          "id": 8,
          "name": "Slot #8",
          "x": 372,
          "y": 168
        }
      },
      {
        "type": "outputslot",
        "data": {
          "id": 9,
          "name": "Slot #9",
          "x": 439,
          "y": 122
        }
      }
    ]
  }
}