{
  "_fv": 6,
  "_type": "armor",
  "definition": {
    "enableHelmet": true,
    "textureHelmet": "darkhelmet",
    "enableBody": true,
    "textureBody": "darkiumchestplate",
    "enableLeggings": true,
    "textureLeggings": "darkleggings",
    "enableBoots": true,
    "textureBoots": "darkboots",
    "onHelmetTick": {
      "name": "DarkiumChestplateBootsTickEvent"
    },
    "creativeTab": {
      "value": "CUSTOM:Darkium"
    },
    "armorTextureFile": "darkiumarmor",
    "helmetName": "Darkium Helmet",
    "bodyName": "Darkium Chestplate",
    "leggingsName": "Darkium Leggings",
    "bootsName": "Darkium Boots",
    "helmetModelName": "Default",
    "helmetModelPart": "Helmet",
    "helmetModelTexture": "From armor",
    "bodyModelName": "Default",
    "bodyModelPart": "Body",
    "bodyModelTexture": "From armor",
    "leggingsModelName": "Default",
    "leggingsModelPartL": "Leggings L",
    "leggingsModelPartR": "Leggings R",
    "leggingsModelTexture": "From armor",
    "bootsModelName": "Default",
    "bootsModelPartL": "Boots L",
    "bootsModelPartR": "Boots R",
    "bootsModelTexture": "From armor",
    "maxDamage": 42,
    "damageValueHelmet": 11,
    "damageValueBody": 21,
    "damageValueLeggings": 18,
    "damageValueBoots": 10,
    "enchantability": 9,
    "toughness": 0.0,
    "equipSound": {
      "value": ""
    },
    "repairItems": []
  }
}