{
  "_fv": 6,
  "_type": "block",
  "definition": {
    "texture": "darkoretop",
    "textureTop": "darkoretop",
    "textureLeft": "realdarkore",
    "textureFront": "realdarkore",
    "textureRight": "realdarkore",
    "textureBack": "realdarkore",
    "renderType": 10,
    "customModelName": "Normal",
    "rotationMode": 1,
    "hasTransparency": false,
    "transparencyType": "SOLID",
    "mx": 0.0,
    "my": 0.0,
    "mz": 0.0,
    "Mx": 1.0,
    "My": 1.0,
    "Mz": 1.0,
    "faceShape": "SOLID",
    "name": "Darkium Ore",
    "specialInfo": [],
    "hardness": 1.0,
    "resistance": 11.5,
    "hasGravity": false,
    "creativeTab": {
      "value": "CUSTOM:Darkium"
    },
    "destroyTool": "pickaxe",
    "affectedBySilkTouch": false,
    "customDrop": {
      "value": ""
    },
    "dropAmount": 2,
    "isBeaconBase": false,
    "enchantPowerBonus": 0.0,
    "plantsGrowOn": false,
    "canProvidePower": false,
    "lightOpacity": 255,
    "material": {
      "value": "ROCK"
    },
    "tickRate": 10,
    "tickRandomly": false,
    "isReplaceable": false,
    "colorOnMap": "DEFAULT",
    "creativePickItem": {
      "value": ""
    },
    "flammability": 0,
    "fireSpreadSpeed": 0,
    "isLadder": false,
    "slipperiness": 0.6,
    "reactionToPushing": "NORMAL",
    "isNotColidable": false,
    "soundOnStep": {
      "value": "STONE"
    },
    "luminance": 0.09999999999999999,
    "unbreakable": false,
    "breakHarvestLevel": 2,
    "spawnParticles": false,
    "particleToSpawn": {
      "value": "BUBBLE_POP"
    },
    "particleSpawningShape": "Spread",
    "particleSpawningRadious": 0.09999999850988389,
    "particleAmount": 2,
    "particleSpawningCondition": "ALWAYS",
    "hasInventory": false,
    "guiBoundTo": "<NONE>",
    "openGUIOnRightClick": false,
    "inventorySize": 9,
    "inventoryStackSize": 64,
    "inventoryDropWhenDestroyed": true,
    "inventoryComparatorPower": true,
    "inventoryOutSlotIDs": [],
    "spawnWorldTypes": [
      "Surface",
      "Surface"
    ],
    "restrictionBiomes": [],
    "blocksToReplace": [
      {
        "value": "Blocks.STONE"
      },
      {
        "value": "Blocks.EMERALD_ORE"
      }
    ],
    "frequencyPerChunks": 3,
    "frequencyOnChunk": 5,
    "minGenerateHeight": 8,
    "maxGenerateHeight": 15
  }
}