{
  "_fv": 6,
  "_type": "block",
  "definition": {
    "texture": "darklogtop",
    "textureTop": "darklogtop",
    "textureLeft": "darklogside",
    "textureFront": "darklogside",
    "textureRight": "darklogside",
    "textureBack": "darklogside",
    "renderType": 10,
    "customModelName": "Normal",
    "rotationMode": 1,
    "hasTransparency": false,
    "transparencyType": "SOLID",
    "mx": 0.0,
    "my": 0.0,
    "mz": 0.0,
    "Mx": 1.0,
    "My": 1.0,
    "Mz": 1.0,
    "faceShape": "SOLID",
    "name": "Dark Wood",
    "specialInfo": [],
    "hardness": 4.0,
    "resistance": 10.0,
    "hasGravity": false,
    "creativeTab": {
      "value": "CUSTOM:Darkium"
    },
    "destroyTool": "Not specified",
    "affectedBySilkTouch": true,
    "customDrop": {
      "value": ""
    },
    "dropAmount": 1,
    "isBeaconBase": false,
    "enchantPowerBonus": 0.0,
    "plantsGrowOn": false,
    "canProvidePower": false,
    "lightOpacity": 255,
    "material": {
      "value": "WOOD"
    },
    "tickRate": 10,
    "tickRandomly": false,
    "isReplaceable": false,
    "colorOnMap": "DEFAULT",
    "creativePickItem": {
      "value": ""
    },
    "flammability": 1,
    "fireSpreadSpeed": 0,
    "isLadder": false,
    "slipperiness": 0.6,
    "reactionToPushing": "NORMAL",
    "isNotColidable": false,
    "soundOnStep": {
      "value": "WOOD"
    },
    "luminance": 0.0,
    "unbreakable": false,
    "breakHarvestLevel": 1,
    "spawnParticles": false,
    "particleToSpawn": {
      "value": "EXPLOSION_NORMAL"
    },
    "particleSpawningShape": "Spread",
    "particleSpawningRadious": 0.5,
    "particleAmount": 4,
    "particleSpawningCondition": "ALWAYS",
    "hasInventory": false,
    "guiBoundTo": "<NONE>",
    "openGUIOnRightClick": false,
    "inventorySize": 9,
    "inventoryStackSize": 64,
    "inventoryDropWhenDestroyed": true,
    "inventoryComparatorPower": true,
    "inventoryOutSlotIDs": [],
    "onRightClicked": {
      "name": "DarkWoodOnBlockRightClicked"
    },
    "spawnWorldTypes": [],
    "restrictionBiomes": [],
    "blocksToReplace": [],
    "frequencyPerChunks": 10,
    "frequencyOnChunk": 16,
    "minGenerateHeight": 0,
    "maxGenerateHeight": 64
  }
}