{
  "_fv": 6,
  "_type": "tool",
  "definition": {
    "renderType": 0,
    "texture": "darkiumhammer",
    "customModelName": "Normal",
    "name": "Dark Hammer",
    "creativeTab": {
      "value": "CUSTOM:Darkium"
    },
    "toolType": "Pickaxe",
    "harvestLevel": 15,
    "efficiency": 15.0,
    "attackSpeed": 1.0,
    "enchantability": 2,
    "damageVsEntity": 4.0,
    "usageCount": 1000,
    "blocksAffected": [],
    "hasGlow": false,
    "repairItems": [
      {
        "value": "CUSTOM:DarkiumIngot"
      }
    ],
    "onBlockDestroyedWithTool": {
      "name": "DarkHammerBlockDestroyedWithTool"
    }
  }
}