{
  "_fv": 6,
  "_type": "tool",
  "definition": {
    "renderType": 0,
    "texture": "darksword",
    "customModelName": "Normal",
    "name": "Dark Sword",
    "creativeTab": {
      "value": "CUSTOM:Darkium"
    },
    "toolType": "Sword",
    "harvestLevel": 1,
    "efficiency": 7.5,
    "attackSpeed": 1.0,
    "enchantability": 2,
    "damageVsEntity": 12.0,
    "usageCount": 2700,
    "blocksAffected": [],
    "hasGlow": false,
    "repairItems": [
      {
        "value": "CUSTOM:DarkiumIngot"
      }
    ],
    "onEntityHitWith": {
      "name": "DarkiumSwordMobIsHitWithItem"
    }
  }
}