{
  "_fv": 6,
  "_type": "achievement",
  "definition": {
    "achievementName": "ThxForInstalling",
    "achievementDescription": "By Drag0",
    "achievementIcon": {
      "value": "CUSTOM:Darkpalnt"
    },
    "background": "Default",
    "disableDisplay": false,
    "showPopup": true,
    "announceToChat": false,
    "hideIfNotCompleted": true,
    "rewardLoot": [],
    "rewardRecipes": [],
    "rewardFunction": "No function",
    "rewardXP": 7,
    "achievementType": "task",
    "parent": {
      "value": "story/root"
    },
    "triggerxml": "<xml xmlns=\"https://developers.google.com/blockly/xml\"><block type=\"block_placed\" x=\"88\" y=\"57\"><value name=\"block\"><block type=\"mcitem_allblocks\"><field name=\"value\">Blocks.CRAFTING_TABLE</field></block></value><next><block type=\"advancement_trigger\" deletable=\"false\"/></next></block></xml>"
  }
}