{
  "variants": {
    "age=0": {
      "model": "darkium:block/darkpalnt"
    },
    "age=1": {
      "model": "darkium:block/darkpalnt"
    },
    "age=2": {
      "model": "darkium:block/darkpalnt"
    },
    "age=3": {
      "model": "darkium:block/darkpalnt"
    },
    "age=4": {
      "model": "darkium:block/darkpalnt"
    },
    "age=5": {
      "model": "darkium:block/darkpalnt"
    },
    "age=6": {
      "model": "darkium:block/darkpalnt"
    },
    "age=7": {
      "model": "darkium:block/darkpalnt"
    },
    "age=8": {
      "model": "darkium:block/darkpalnt"
    },
    "age=9": {
      "model": "darkium:block/darkpalnt"
    },
    "age=10": {
      "model": "darkium:block/darkpalnt"
    },
    "age=11": {
      "model": "darkium:block/darkpalnt"
    },
    "age=12": {
      "model": "darkium:block/darkpalnt"
    },
    "age=13": {
      "model": "darkium:block/darkpalnt"
    },
    "age=14": {
      "model": "darkium:block/darkpalnt"
    },
    "age=15": {
      "model": "darkium:block/darkpalnt"
    }
  }
}